id,question,createdAt,model,pipelinePreset,fastMode,stepCount,issueCount,evidenceRiskLevel,counterfactualFailureModeCount,topCounterfactualFailureMode,maxSeverity,solverConfidence,revisionConfidence,synthesizerConfidence,calibratedAdjusted,solverToRevisionDelta,revisionToSynthesizerDelta,finalAnswerPreview
run_1771320514121_7149dc8eb5301,Is AI an existential threat?,2026-02-17T09:28:34.121Z,gpt-5-nano-2025-08-07,research_deep,false,10,20,4,10,"Misinterpretation of existential risk as a binary or imminent threat, leading to either paralysis or alarmism without acknowledging uncertainties and timelines.",5,0.72,0.45,0.78,0.78,-0.27,0.33,"Existential risk from AI refers to the risk of human extinction, irreversible collapse of civilization, or permanent loss of humanity’s potential caused by AI systems. This risk is plausible but not settled. It depends o"
run_1771323274630_2a1f8e139823d,Is the four-day work week a good idea?,2026-02-17T10:14:34.630Z,gpt-5-nano-2025-08-07,research_deep,false,10,16,3,12,"No or negative productivity gains due to compressed hours causing fatigue, task switching overhead, and reduced focus.",5,0.65,0.4,0.7,0.7,-0.25,0.3,"A four-day work week can be beneficial in some contexts, but it is not universally better. It should be adopted only after a careful, evidence-based pilot. Organizations should run a controlled pilot with precise definit"
run_1771323663273_213ffb72260f6,Should we prioritize economic growth over environmental sustainability?,2026-02-17T10:21:03.273Z,gpt-5-nano-2025-08-07,research_deep,false,10,15,3,10,"Policy leakage or carbon leakage due to uneven stringency across jurisdictions, allowing emissions to shift to lax-regulation regions.",4,0.75,0.45,0.73,0.73,-0.3,0.28,"Not automatically. GDP growth and environmental sustainability are not guaranteed to move in lockstep. Absolute decoupling (growth with no increase in environmental harm) is not proven across sectors or time, even if som"
run_1771323965850_d24d7c8c011b2,Is universal basic income a good solution to technological unemployment?,2026-02-17T10:26:05.850Z,gpt-5-nano-2025-08-07,research_deep,false,10,16,4,8,"Inflationary pressure and fiscal sustainability risk from money-financed or large deficits, potentially eroding real incomes and harming macro stability",4,0.65,0.45,0.6,0.6,-0.2,0.15,"UBI is not a universal cure for technological unemployment. It can improve income security and reduce poverty in some settings, but labor-supply responses and macro effects depend strongly on design (universal vs targete"
run_1771324209948_0ca90f835a365,Does remote work improve or harm productivity?,2026-02-17T10:30:09.948Z,gpt-5-nano-2025-08-07,research_deep,false,10,16,4,10,"Measurement/construct validity issues: productivity metrics vary across studies and may mix quantity, quality, engagement, and satisfaction, causing biased or incomparable estimates.",4,0.65,0.42,0.59,0.59,-0.23,0.17,"Remote work does not have a universal effect on productivity. Meta-analytic findings typically show small or near-zero average effects, with substantial heterogeneity across industries, roles, metrics, and study designs."
run_1771324760541_a9ed6413a3079,Is it ethical to use animals for medical research?,2026-02-17T10:39:20.541Z,gpt-5-nano-2025-08-07,research_deep,false,10,15,3,10,Overreliance on animal models with uncertain translational value leading to ethically questionable harms justified by anticipated benefits,5,0.65,0.42,0.68,0.68,-0.23,0.26,"Ethical acceptability of animal research is conditional, not universal. It depends on context, potential benefits, and how well welfare and rights-based concerns are addressed, with a focus on meaningful disease burdens,"
run_1771331900350_c7e96e15567ea8,Should governments have powers to regulate or shut down AI systems deemed high-risk?,2026-02-17T12:38:20.350Z,gpt-5-nano-2025-08-07,research_deep,false,10,20,3,10,Regulatory overreach stifling innovation and legitimate beneficial uses.,5,0.7,0.4,0.66,0.66,-0.3,0.26,"Yes. Governments should have powers to regulate or shut down AI systems deemed high-risk, but only within a carefully designed, rights-respecting, and transparent framework that is proportionate, auditable, and regularly"
run_1771332829155_c87bad4caa498,Is nuclear energy a necessary bridge to decarbonization?,2026-02-17T12:53:49.155Z,gpt-5-nano-2025-08-07,research_deep,false,10,18,3,11,Cost overruns and schedule delays for new large reactors undermine economics and usable capacity.,5,0.65,0.42,0.75,0.75,-0.23,0.33,"Nuclear energy is not universally required for decarbonization, but it can play a context-dependent role as a source of firm, low-carbon power and certain grid services when timelines, costs, and public acceptance align."
run_1771333334625_cc1e875bfe936,Should we use gene editing for human enhancement?,2026-02-17T13:02:14.625Z,gpt-5-nano-2025-08-07,research_deep,false,10,19,4,10,Regulatory gaps and loopholes enabling enhancement trials to operate under therapy exemptions,5,0.65,0.6,0.7,0.7,-0.05,0.1,"Based on current evidence and governance realities, gene editing for human enhancement should not be pursued for broad deployment. Distinctions between enhancement and therapy must be clearly defined: enhancement refers "
run_1771333687716_a6b19601e978b8,Does cancel culture have a net positive or negative effect on society?,2026-02-17T13:08:07.716Z,gpt-5-nano-2025-08-07,research_deep,false,10,15,4,9,"Ambiguity and inconsistency in operationalizing 'cancel culture' into a taxonomy, leading to misclassification and non-comparability.",5,0.58,0.25,0.79,0.79,-0.33,0.54,"Cancel culture cannot be categorized as universally net positive or negative. Its net welfare is context-dependent and must be evaluated with explicit definitions, a clear taxonomy of variants, and a multidimensional wel"
run_1771337364741_aed55aab299e18,Should countries adopt open borders for migration?,2026-02-17T14:09:24.741Z,gpt-5-nano-2025-08-07,research_deep,false,10,21,4,11,"Fiscal overrun due to higher-than-expected welfare, housing, and integration costs",5,0.62,0.44,0.65,0.65,-0.18,0.21,"Open borders should not be treated as a universal policy. Whether to open borders depends on country-specific institutions, labor markets, and public capacity. Evidence shows GDP gains and labor-supply effects are mixed "
run_1771337896110_a0e2f3069a7c28,Is it defensible to prioritize the welfare of future generations over current ones?,2026-02-17T14:18:16.110Z,gpt-5-nano-2025-08-07,research_deep,false,10,16,4,10,Non-identity problem makes cross-generational welfare comparison ill-defined because the people who exist under each option differ.,5,0.65,0.4,0.72,0.72,-0.25,0.32,"Defensible in many ethical traditions, but only with explicit methods, transparent assumptions, and defensible evidence. The non-identity problem requires evaluating policies by the welfare of the people who would exist "
run_1771338200547_b35afb9b3e49c,Should algorithmic transparency be legally required for high-stakes decisions?,2026-02-17T14:23:20.547Z,gpt-5-nano-2025-08-07,research_deep,false,10,21,4,10,Superficial compliance: transparency measures are implemented as checkbox exercises without improving accountability or redress.,5,0.62,0.45,0.66,0.66,-0.17,0.21,"High-stakes decisions should not be subject to blanket mandatory disclosure of all model details. Instead, implement a risk- and impact-based transparency framework with governance and ongoing evaluation. Key elements in"
run_1771338666300_cf9b40011bfd58,Should we tax robots or automation that displaces workers?,2026-02-17T14:31:06.300Z,gpt-5-nano-2025-08-07,research_deep,false,10,20,4,8,Ambiguity in defining and measuring automation/intensity leads to inconsistent tax bases and disputes over eligibility.,5,0.6,0.42,0.83,0.83,-0.18,0.41,"Not a blanket yes or no. A broad tax on automation that displaces workers risks reducing investment and innovation, and the net employment effects are uncertain and highly context-specific. If policymakers consider an au"
run_1771338921298_eef7ea7025ffa,Is long-termism a sound framework for ethical prioritization?,2026-02-17T14:35:21.298Z,gpt-5-nano-2025-08-07,research_deep,false,10,19,4,12,Horizon or discounting mis-specification leading to biased prioritization,4,0.65,0.25,0.63,0.63,-0.4,0.38,"Long-termism can be defensible as a framework for ethical prioritization, but only when it is precisely defined, transparently justified, and robust to uncertainty. Key requirements include: (1) a concrete horizon (e.g.,"
run_1771339358393_be66419088a87,Should governments subsidize or ban cryptocurrency?,2026-02-17T14:42:38.393Z,gpt-5-nano-2025-08-07,research_deep,false,10,18,4,11,Budgetary distortions due to mis-targeted subsidies that distort private investment and crowd out innovation.,5,0.63,0.4,0.76,0.76,-0.23,0.36,"Governments should not pursue a blanket subsidy or blanket ban on cryptocurrency. Instead, adopt a phased, evidence‑based policy that couples targeted, sunset‑bound subsidies to support innovation and financial inclusion"
